1,Muhammed MacIntyre,Storage & Organization
2,Barry French,Appliances
3,Barry French,Binders and Binder Accessories
4,Clay Rozendal,Telephones and Communication
5,Carlos Soltero,Appliances
6,Carlos Soltero,Office Furnishings
7,Carl Jackson,Binders and Binder Accessories
8,Carl Jackson,Storage & Organization
9,Monica Federle,Storage & Organization
10,Dorothy Badders,Paper
11,Neola Schneider,Paper
12,Neola Schneider,Rubber Bands
13,Carlos Daly,Appliances
14,Carlos Daly,Computer Peripherals
15,Claudia Miner,Binders and Binder Accessories
16,Neola Schneider,Office Furnishings
17,Allen Rosenblatt,Envelopes
18,Sylvia Foulston,Bookcases
19,Sylvia Foulston,Tables
20,Jim Radford,Telephones and Communication
21,Jim Radford,Telephones and Communication
22,Carlos Soltero,Labels
23,Carlos Soltero,Rubber Bands
24,Carl Ludwig,Binders and Binder Accessories
25,Carl Ludwig,Computer Peripherals
26,Don Miller,Pens & Art Supplies
27,Annie Cyprus,Pens & Art Supplies
28,Carl Ludwig,Copiers and Fax
29,Carlos Soltero,Storage & Organization
30,Grant Carroll,Pens & Art Supplies
31,Don Miller,Computer Peripherals
32,Don Miller,Paper
33,Alan Barnes,Labels
34,Alan Barnes,Telephones and Communication
35,Jack Garza,Computer Peripherals
36,Julia West,Chairs & Chairmats
37,Eugene Barchas,Binders and Binder Accessories
38,Eugene Barchas,Chairs & Chairmats
39,Eugene Barchas,Paper
40,Edward Hooks,Chairs & Chairmats
41,Brad Eason,Binders and Binder Accessories
42,Nicole Hansen,Paper
43,Dorothy Wardle,Telephones and Communication
44,Aaron Bergman,Labels
45,Jim Radford,Appliances
46,Annie Cyprus,Telephones and Communication
47,Annie Cyprus,Labels
48,Annie Cyprus,Paper
49,Annie Cyprus,Telephones and Communication
50,Annie Cyprus,Binders and Binder Accessories
51,Clay Rozendal,Computer Peripherals
52,Don Jones,Paper
53,Beth Thompson,Paper
54,Frank Price,Office Furnishings
55,Michelle Lonsdale,Telephones and Communication
56,Ann Chong,Binders and Binder Accessories
57,Ann Chong,Appliances
58,Joy Bell,Office Furnishings
59,Joy Bell,Telephones and Communication
60,Skye Norling,Paper
61,Barry Weirich,"Scissors, Rulers and Trimmers"
62,Grant Carroll,Paper
63,Grant Carroll,Paper
64,Adrian Hane,Pens & Art Supplies
65,Skye Norling,Paper
66,Skye Norling,Paper
67,Andrew Gjertsen,Storage & Organization
68,Ralph Knight,Binders and Binder Accessories
69,Dorothy Wardle,Computer Peripherals
70,Dorothy Wardle,Bookcases
71,Dorothy Wardle,Office Furnishings
72,Grant Carroll,Chairs & Chairmats
73,Barry Weirich,Envelopes
74,Beth Paige,Appliances
75,Sylvia Foulston,Chairs & Chairmats
76,Nicole Hansen,Paper
77,Nicole Hansen,Paper
78,Nicole Hansen,Storage & Organization
79,Beth Paige,Binders and Binder Accessories
80,Beth Paige,Paper
81,Beth Paige,Office Furnishings
82,Beth Paige,Paper
83,Beth Paige,Rubber Bands
84,Sylvia Foulston,Appliances
85,Bryan Davis,Storage & Organization
86,Joy Bell,Chairs & Chairmats
87,Joy Bell,Paper
88,Joy Bell,Paper
89,Alan Barnes,Labels
90,Grant Carroll,Bookcases
91,Grant Carroll,Chairs & Chairmats
92,Grant Carroll,Computer Peripherals
93,Delfina Latchford,Paper
94,Don Jones,Binders and Binder Accessories
95,Doug Bickford,Tables
96,Doug Bickford,Office Furnishings
97,Doug Bickford,Pens & Art Supplies
98,Jamie Kunitz,Pens & Art Supplies
99,Anthony Johnson,Paper
100,Ralph Knight,Telephones and Communication